Question,Global/Local,NDocumets,Answer,Human Rating,bleu,rougeL,GPT rating
Q1,Global,1,"### Corticosteroids in Septic Shock Treatment

The use of corticosteroids in treating septic shock, particularly among patients with relative adrenal insufficiency, has been a subject of clinical scrutiny. The critical examination of their role, efficacy, and safety in such critical conditions provides valuable insights into their impact on patient outcomes, especially concerning 28-day mortality rates.

#### Efficacy of Corticosteroids

Corticosteroids, notably hydrocortisone, have been identified as a key treatment option for septic shock, a condition that can precipitate adrenal insufficiency. Their importance in improving patient outcomes in these critical conditions cannot be overstated [Data: Reports (1, 5)]. The clinical studies underscore the critical role of corticosteroids in managing septic shock, focusing on their efficacy in treating this life-threatening condition. Hydrocortisone, in particular, is emphasized for its role in reducing mortality among critically ill patients [Data: Reports (1, 5)].

#### Impact on Patient Recovery and Survival

The complex impact of corticosteroid therapy on patient recovery and survival in septic shock scenarios suggests a significant but nuanced benefit. A targeted approach within the therapy regimen is suggested, indicating that while corticosteroids are beneficial, their application must be carefully managed [Data: Reports (6)]. This is further explored in a clinical study comparing the effects of corticosteroid therapy against a placebo in patients undergoing vasopressor therapy. The study aims to evaluate the efficacy and safety of corticosteroids in treating septic shock, with a particular focus on outcomes such as mortality rates [Data: Reports (2)].

#### Conclusion

In conclusion, corticosteroids play a critical role in the treatment of septic shock, especially among patients with relative adrenal insufficiency. The evidence suggests that they are effective in reducing 28-day mortality rates, provided their application is carefully managed and targeted. The significance of their impact on patient recovery and survival underscores the need for a nuanced understanding of their use in critical care settings.",0.6,0.01800116645,0.08823529,0.7
Q1,Local,1,"### Overview

The clinical study conducted in France on the efficacy of corticosteroids in treating septic shock, particularly in patients with relative adrenal insufficiency, provides significant insights into the role of corticosteroids in reducing 28-day mortality rates. This placebo-controlled, randomized, double-blind trial focused on adult patients who met the criteria for septic shock and were subjected to a short corticotropin test to determine their eligibility based on their adrenal response [Data: Sources (0)].

### Efficacy of Corticosteroids

The study's findings indicate that corticosteroids, specifically hydrocortisone and fludrocortisone, significantly reduced the risk of death at 28 days in patients with septic shock and relative adrenal insufficiency. Among the nonresponders to the corticotropin test (those with relative adrenal insufficiency), there were fewer deaths in the corticosteroid group compared to the placebo group. Specifically, 60 deaths (53%) occurred in the corticosteroid group, as opposed to 73 deaths (63%) in the placebo group. This difference translates to a hazard ratio of 0.67, indicating a significant reduction in mortality risk for patients treated with corticosteroids [Data: Sources (0, 3)].

### Mortality Rates and Vasopressor Therapy

The study also assessed the impact of corticosteroid treatment on the withdrawal of vasopressor therapy within 28 days. In the corticosteroid group, a higher percentage of patients had vasopressor therapy withdrawn compared to the placebo group, highlighting an additional benefit of corticosteroid treatment in managing septic shock [Data: Sources (4)].

### Adverse Events

Importantly, the rates of adverse events were similar between the corticosteroid and placebo groups. This finding suggests that the administration of low doses of hydrocortisone and fludrocortisone for 7 days does not increase the risk of adverse events, thereby supporting the safety profile of corticosteroid treatment in this patient population [Data: Sources (4)].

### Conclusion

In conclusion, the clinical study provides compelling evidence that a 7-day treatment with low doses of hydrocortisone and fludrocortisone significantly reduces the 28-day mortality rate among patients with septic shock and relative adrenal insufficiency, without increasing the incidence of adverse events. These results underscore the potential life-saving benefits of corticosteroid treatment in a critically ill patient population and highlight the importance of identifying patients with relative adrenal insufficiency for targeted therapy [Data: Sources (0, 3, 4)].",0.7,0.02857950858,0.08955224,0.8
Q1,Global,2,"### Corticosteroids in Septic Shock Treatment

Recent studies and clinical trials have significantly contributed to our understanding of the role of corticosteroids, particularly hydrocortisone, in treating septic shock, especially among patients with relative adrenal insufficiency. This condition, characterized by the adrenal glands' failure to produce sufficient hormones like cortisol, is critical in the context of septic shock. The use of corticosteroids such as hydrocortisone and fludrocortisone has been highlighted for their potential in managing these conditions effectively [Data: Reports (6)].

### The ADRENAL Trial: A Focused Study

The ADRENAL trial stands out as a pivotal clinical trial that assessed the efficacy of hydrocortisone in reducing mortality rates among septic shock patients. This trial is particularly significant as it provides focused evidence on the impact of corticosteroids on survival outcomes in a critical care setting. The findings from the ADRENAL trial, along with other studies, underscore the importance of hydrocortisone in the treatment regimen for septic shock, suggesting a potential benefit in reducing 28-day mortality among this patient group [Data: Reports (2, 9, 10)].

### Efficacy of Hydrocortisone

Hydrocortisone's role in reducing mortality among critically ill patients with septic shock has been extensively studied. The clinical trial comparing the Placebo Group with the Hydrocortisone Group in the treatment of septic shock provided structured insights into the significant health outcomes associated with hydrocortisone use. These findings support the efficacy of hydrocortisone, and by extension, corticosteroids, in improving patient outcomes in septic shock, particularly among those with relative adrenal insufficiency [Data: Reports (3, 7)].

### Conclusion

In conclusion, the evidence from recent studies, including the ADRENAL trial, supports the use of corticosteroids, specifically hydrocortisone, in reducing 28-day mortality among septic shock patients with relative adrenal insufficiency. These findings highlight the critical role of corticosteroids in the management of septic shock, suggesting that they may offer a significant benefit in improving survival outcomes in this patient population.",0.75,0.01922147,0.09798271,0.6
Q1,Local,2,"### Overview

Septic shock, a severe and life-threatening condition resulting from sepsis, leads to dangerously low blood pressure and abnormalities in cellular metabolism. It is a critical condition that requires immediate and effective treatment strategies to improve patient outcomes. Among the various treatments explored for septic shock, corticosteroids have been a subject of significant interest, particularly in patients with relative adrenal insufficiency—a condition where the adrenal glands do not produce sufficient amounts of hormones, notably cortisol.

### Corticosteroids in Septic Shock Treatment

Corticosteroids, such as hydrocortisone and fludrocortisone, are used in the treatment of septic shock due to their anti-inflammatory properties and their ability to modulate the immune response. The rationale behind using corticosteroids in septic shock, especially among patients with relative adrenal insufficiency, is to supplement the body's inadequate hormone production, which is crucial for managing stress responses, including severe infections [Data: Entities (2, 4, 5)].

### Clinical Evidence

The effectiveness of corticosteroids in reducing 28-day mortality among patients with septic shock and relative adrenal insufficiency has been evaluated in clinical trials. One such study, conducted in France, was a placebo-controlled, randomized, double-blind trial that specifically assessed the impact of low doses of hydrocortisone and fludrocortisone on 28-day survival rates. This trial found that a 7-day treatment with these corticosteroids significantly reduced the risk of death in patients with septic shock and relative adrenal insufficiency without increasing adverse events [Data: Sources (0)]. The study concluded that for every seven patients treated with corticosteroids, one additional life could be saved at day 28, highlighting the potential benefits of corticosteroid therapy in this specific patient population.

### Adverse Events and Considerations

While corticosteroids have shown promise in reducing mortality rates among septic shock patients with relative adrenal insufficiency, it is essential to consider the potential for adverse events. The clinical trial mentioned above reported similar rates of adverse events between the corticosteroid and placebo groups, suggesting that the treatment was well-tolerated [Data: Sources (4)]. However, the use of corticosteroids in septic shock treatment must be carefully weighed against the potential risks, including superinfection, gastrointestinal bleeding, and neuromuscular effects, which have been associated with glucocorticoid use in other contexts [Data: Sources (6)].

### Conclusion

In conclusion, corticosteroids, specifically hydrocortisone and fludrocortisone, can significantly reduce 28-day mortality among patients with septic shock and relative adrenal insufficiency. This finding supports the use of corticosteroids as a beneficial treatment strategy in this high-risk patient group. However, the decision to use corticosteroids should be based on a thorough assessment of the potential benefits and risks, considering the individual patient's condition and the clinical evidence available. Further research and clinical trials will continue to refine our understanding of the optimal use of corticosteroids in septic shock treatment.",0.8,0.0232694975,0.0851927,0.8
Q1,Global,3,"### Corticosteroids and Septic Shock: An Analysis of Mortality Reduction

Recent studies and clinical trials have provided substantial evidence on the efficacy of corticosteroids, specifically hydrocortisone and fludrocortisone, in treating patients with septic shock, particularly those with relative adrenal insufficiency. The focus of this analysis is to understand whether these corticosteroids contribute to reducing 28-day mortality among such patients.

#### Key Findings from Clinical Trials

- **Impact of Corticosteroids on Mortality**: Corticosteroids have been shown to significantly reduce mortality in septic shock patients by managing inflammation and adrenal insufficiency. This is a critical finding as it suggests a direct benefit of corticosteroid treatment in improving patient survival rates [Data: Reports (9)].

- **The ADRENAL Trial Insights**: The ADRENAL trial, a landmark study in this area, provides valuable insights into the medication's efficacy. It suggests a positive impact of corticosteroids on patient outcomes, reinforcing the idea that these drugs can indeed reduce mortality rates in septic shock patients [Data: Reports (8)].

- **Comparative Analysis of Clinical Trials**: Clinical trials comparing the Placebo Group with the Hydrocortisone Group have highlighted significant differences in mortality rates and recovery times. The Hydrocortisone Group showed improved health outcomes, indicating the efficacy of corticosteroids in reducing 28-day mortality among septic shock patients [Data: Reports (11)].

- **The APROCCHSS Trial Evaluation**: The APROCCHSS trial evaluated the effectiveness of hydrocortisone-plus-fludrocortisone therapy in septic shock patients. It demonstrated a reduction in 90-day all-cause mortality compared to placebo, which supports the use of corticosteroids in improving patient outcomes over a longer term as well [Data: Reports (4)].

- **Outcomes of Hydrocortisone-Plus-Fludrocortisone Treatment**: Patients treated with hydrocortisone-plus-fludrocortisone in clinical trials showed significantly better outcomes compared to the placebo group. This was particularly evident in terms of mortality rates and recovery times, suggesting that corticosteroids are beneficial in treating septic shock patients with relative adrenal insufficiency [Data: Reports (12)].

#### Conclusion

The evidence from multiple clinical trials and studies strongly supports the use of corticosteroids, such as hydrocortisone and fludrocortisone, in reducing 28-day mortality among septic shock patients with relative adrenal insufficiency. These findings underscore the importance of corticosteroid therapy in managing septic shock effectively, offering a promising avenue for improving patient outcomes in critical care settings.",0.7,0.01565743608,0.0990099,0.7
Q1,Local,3,"### Overview

Septic shock, a severe and life-threatening condition characterized by a significant drop in blood pressure and organ failure due to an infection, has been a focal point of medical research, particularly in understanding how to improve patient outcomes. One area of investigation has been the role of corticosteroids in treating septic shock, especially in patients with relative adrenal insufficiency—a condition where the adrenal glands do not produce sufficient amounts of hormones, notably cortisol. The question of whether corticosteroids can reduce 28-day mortality among these patients has been addressed through clinical trials and studies.

### Clinical Trials and Findings

Clinical trials have specifically looked into the effectiveness of corticosteroids in reducing 28-day mortality in patients with septic shock and relative adrenal insufficiency. A notable study conducted in France, a placebo-controlled, randomized, double-blind, parallel-group trial, assessed the impact of administering low doses of hydrocortisone and fludrocortisone on 28-day survival rates among this patient group [Data: Sources (0, 4)]. The trial included 300 adult patients who met the usual criteria for septic shock and were enrolled after undergoing a short corticotropin test to determine adrenal insufficiency.

### Results and Interpretation

The results from this trial indicated a significant reduction in the risk of death at 28 days for patients treated with hydrocortisone and fludrocortisone compared to those who received a placebo. Specifically, in nonresponders to the corticotropin test (patients with relative adrenal insufficiency), there were fewer deaths in the corticosteroid group compared to the placebo group, with a hazard ratio of 0.67, suggesting a 33% reduction in the risk of death [Data: Sources (0)]. Additionally, the study found that vasopressor therapy could be withdrawn sooner in the corticosteroid group, indicating an improvement in shock reversal.

### Conclusion

The evidence from clinical trials supports the conclusion that in patients with septic shock and relative adrenal insufficiency, treatment with low doses of hydrocortisone and fludrocortisone significantly reduces 28-day mortality without increasing adverse events. This finding is crucial for clinical practice, suggesting that administering corticosteroids to this specific patient population can be a beneficial adjunct therapy alongside standard treatments for septic shock. However, it's important to note that the effectiveness of corticosteroids in patients without relative adrenal insufficiency remains less clear, and further research is needed to optimize treatment protocols for all septic shock patients [Data: Sources (0, 4)].",0.8,0.02947389896,0.08430913,0.9
Q1,Global,4,"### Corticosteroids in Septic Shock: A Focus on Relative Adrenal Insufficiency

The management of septic shock, a severe and potentially fatal condition, has been the subject of extensive research, particularly regarding the use of corticosteroids. These medications are known for their ability to modulate inflammation and immune responses, which are key components of septic shock. However, the effectiveness of corticosteroids in reducing 28-day mortality among patients with septic shock and relative adrenal insufficiency remains a complex issue, as evidenced by various clinical trials and studies.

#### Mixed Results from Clinical Trials

Clinical trials such as the ADRENAL and CORTICUS studies have delved into the effectiveness of corticosteroids, including hydrocortisone, in the management of septic shock. These studies have provided mixed results regarding mortality reduction, highlighting the nuanced role of corticosteroids in septic shock treatment. Notably, these trials did not isolate the outcomes for patients specifically diagnosed with relative adrenal insufficiency, leaving a gap in our understanding of this subgroup's response to corticosteroid therapy [Data: Reports (7, 14)].

#### The ADRENAL Trial and Relative Adrenal Insufficiency

The ADRENAL trial, a significant study in this field, assessed the efficacy of hydrocortisone in reducing mortality among septic shock patients. However, it did not specifically address the impact on patients with relative adrenal insufficiency regarding 28-day mortality. This omission points to a need for further research to clarify the benefits of corticosteroids for this particular group of patients [Data: Reports (12)].

#### Insights from the APROCCHSS Trial

In contrast, the APROCCHSS trial, which investigated the combination of hydrocortisone and fludrocortisone, showed a survival benefit in septic shock patients. This suggests that a combined corticosteroid approach could be beneficial. Yet, similar to other studies, it does not directly answer the question regarding the specific impact on patients with relative adrenal insufficiency [Data: Reports (16)].

#### The Role of Corticosteroids in Managing Symptoms and Complications

Corticosteroids are recognized for their role in managing symptoms and complications associated with septic shock, including in the context of adrenal insufficiency. However, the specific effect of corticosteroids on 28-day mortality in patients with relative adrenal insufficiency remains less clearly defined. This underscores the complexity of treating septic shock and the need for targeted research to understand the optimal use of corticosteroids for patients with relative adrenal insufficiency [Data: Reports (9, 8)].

### Conclusion

In summary, while corticosteroids are a cornerstone in the treatment of septic shock, their impact on 28-day mortality in patients with relative adrenal insufficiency is not conclusively determined by current research. The mixed results from clinical trials and the lack of specific data on this subgroup highlight the necessity for further studies. Such research should aim to isolate the effects of corticosteroid therapy on patients with relative adrenal insufficiency, potentially guiding more effective treatment protocols for this vulnerable population.",0.85,0.02259194786,0.08064516,0.8
Q1,Local,4,"### Overview

Septic shock, a severe and life-threatening condition characterized by circulatory, cellular, and metabolic abnormalities due to an infection, often leads to high mortality rates among critically ill patients. The management of septic shock, particularly in patients with relative adrenal insufficiency, has been a subject of extensive research, with corticosteroids being a focal point of investigation. Relative adrenal insufficiency, a condition where the adrenal glands do not produce sufficient amounts of cortisol in response to stress, is thought to exacerbate the severity of septic shock, making the potential role of corticosteroids in its management critically important.

### Corticosteroids in Septic Shock Treatment

Corticosteroids, such as hydrocortisone and fludrocortisone, have been studied for their potential to improve outcomes in septic shock patients. These medications are believed to modulate the immune response and reduce inflammation, potentially addressing the dysregulated host response to infection seen in septic shock. The use of corticosteroids in septic shock, especially in the context of relative adrenal insufficiency, aims to replace insufficient cortisol levels, thereby improving hemodynamic stability and potentially reducing mortality.

### Clinical Evidence

The evidence on the effectiveness of corticosteroids in reducing 28-day mortality among patients with septic shock and relative adrenal insufficiency is mixed. A notable study, as reported in the provided data, demonstrated that a 7-day treatment with low doses of hydrocortisone and fludrocortisone significantly reduced the risk of death in patients with septic shock and relative adrenal insufficiency without increasing adverse events [Data: Sources (0)]. This finding suggests that corticosteroids can be beneficial in this specific patient population, offering a significant reduction in short-term mortality.

However, it's important to note that the effectiveness of corticosteroids may vary based on the patient's condition, the timing of administration, and the presence of other factors such as the severity of septic shock and the patient's response to initial resuscitation efforts. The ADRENAL trial, which compared hydrocortisone with placebo in septic shock patients undergoing mechanical ventilation, did not find a significant difference in 90-day mortality, although it did report faster resolution of shock among those treated with hydrocortisone [Data: Sources (6)]. This highlights the complexity of treating septic shock and the need for a nuanced understanding of when corticosteroid therapy may be most beneficial.

### Conclusion

In conclusion, corticosteroids represent a potentially valuable treatment option for patients with septic shock and relative adrenal insufficiency, particularly in reducing 28-day mortality. The evidence supports their use in specific circumstances, underscoring the importance of individualized patient care based on clinical judgment and the latest research findings. Further studies are required to optimize the dosing, timing, and duration of corticosteroid therapy in septic shock to maximize patient outcomes while minimizing the risk of adverse effects.",0.85,0.02799927,0.08659794,0.9
Q1,Global,5,"The question of whether corticosteroids reduce 28-day mortality among patients with septic shock and relative adrenal insufficiency remains unanswered by the current dataset. Despite the significance of this inquiry, direct evidence specific to this subgroup of patients is lacking, highlighting a gap in the research that needs to be addressed through further studies [Data: Reports (11, 7, 14, 12, 5, +more)].

However, insights from related clinical trials provide some context that may indirectly inform this question. The APROCCHSS trial, for instance, demonstrated the effectiveness of hydrocortisone plus fludrocortisone in reducing 90-day all-cause mortality among septic shock patients. This finding suggests potential benefits for patients with relative adrenal insufficiency, although this specific subgroup was not explicitly analyzed within the trial [Data: Reports (5, 16)]. Similarly, the ADRENAL trial assessed the efficacy of hydrocortisone in reducing mortality among septic shock patients but did not specifically address its impact on those with relative adrenal insufficiency [Data: Reports (12)].

Further complicating the picture, clinical trials such as the ADRENAL and CORTICUS trials have explored the effectiveness of hydrocortisone in the management of septic shock, yielding mixed results regarding mortality reduction. These studies did not isolate the subgroup of patients with relative adrenal insufficiency, making it difficult to draw definitive conclusions for this population [Data: Reports (7, 14)].

Nonetheless, the role of hydrocortisone in treating septic shock, particularly in patients unresponsive to corticotropin, indicates its potential benefit for those with relative adrenal insufficiency. Corticotropin testing, used to assess adrenal function, suggests that hydrocortisone could be beneficial for patients identified through such testing as having relative adrenal insufficiency [Data: Reports (7, 8)].

In summary, while direct evidence is currently insufficient to conclusively answer whether corticosteroids reduce 28-day mortality in septic shock patients with relative adrenal insufficiency, related research provides some indication of potential benefits. This underscores the need for further targeted research to specifically address this critical question.",0.85,0.03595141,0.1196581197,0.8
Q1,Local,5,"### Overview

Septic shock, a severe and life-threatening condition characterized by circulatory, cellular, and metabolic abnormalities due to an infection, often leads to high mortality rates among critically ill patients. A significant aspect of its management involves addressing relative adrenal insufficiency, a condition where the adrenal glands do not produce sufficient amounts of hormones, notably cortisol, which is crucial for the body's response to stress and illness. This has led to the exploration of corticosteroids as a potential treatment to improve outcomes in septic shock patients, particularly those with relative adrenal insufficiency.

### Corticosteroids in Septic Shock Treatment

Corticosteroids, including hydrocortisone and fludrocortisone, have been studied for their role in treating septic shock, aiming to mitigate the effects of relative adrenal insufficiency. The rationale behind using corticosteroids is their potential to modulate the immune response, reduce inflammation, and improve hemodynamic stability, which are critical factors in managing septic shock.

### Clinical Evidence

The impact of corticosteroids on 28-day mortality among septic shock patients with relative adrenal insufficiency has been the subject of clinical research. One pivotal study, as detailed in the provided data, assessed the effectiveness of low doses of hydrocortisone and fludrocortisone on 28-day survival in patients with septic shock and relative adrenal insufficiency [Data: Sources (0)]. This placebo-controlled, randomized, double-blind, parallel-group trial found that a 7-day treatment with low doses of hydrocortisone and fludrocortisone significantly reduced the risk of death in these patients without increasing adverse events [Data: Sources (0)]. Specifically, in nonresponders to the corticotropin test (indicative of relative adrenal insufficiency), there were fewer deaths in the corticosteroid group compared to the placebo group, suggesting a beneficial effect of corticosteroids on survival [Data: Sources (0)].

### Conclusion

The evidence from clinical trials indicates that corticosteroids can reduce 28-day mortality in patients with septic shock and relative adrenal insufficiency. This finding supports the use of corticosteroids as part of the treatment regimen for this specific subgroup of septic shock patients, highlighting the importance of identifying relative adrenal insufficiency to tailor therapy appropriately. However, it is crucial to consider the potential risks and benefits of corticosteroid therapy, including the possibility of adverse events and the need for careful patient monitoring [Data: Sources (0)]. Further research may provide additional insights into optimizing corticosteroid therapy for septic shock, including the determination of the most effective doses, treatment duration, and patient selection criteria.",0.85,0.02602876,0.09280742,0.9
Q2,Global,1,I am sorry but I am unable to answer this question given the provided data.,0.5,0,0,0.2
Q2,Local,1,"The question of whether the early use of continuous neuromuscular blockade with cisatracurium improves mortality in patients with moderate to severe Acute Respiratory Distress Syndrome (ARDS) when used alongside current light sedation protocols is a nuanced one. The data provided does not directly address the specific impact of cisatracurium or any neuromuscular blockade agents on mortality rates in ARDS patients under light sedation protocols. However, insights can be drawn from the broader context of ARDS management and treatment strategies as discussed in the provided reports and studies.

ARDS is a critical condition that requires intensive care, often involving mechanical ventilation to support breathing. The management of ARDS has evolved over time, with strategies such as prone positioning and the use of sedatives and neuromuscular blocking agents being part of the therapeutic arsenal aimed at improving oxygenation and patient outcomes [Data: Reports (2, 0); Entities (18)].

Prone positioning, a method where patients are positioned face down, has been shown to improve oxygenation and potentially reduce mortality in severe ARDS cases. This strategy is highlighted in the PROSEVA trial, which demonstrated significant benefits in terms of reduced 28-day and 90-day mortality rates for patients with severe ARDS who were managed with prone positioning [Data: Entities (3); Sources (0)]. The trial's protocol included the use of neuromuscular blocking agents to facilitate prone positioning, suggesting that these agents play a role in the management of severe ARDS, particularly in conjunction with prone positioning [Data: Sources (1)].

The use of neuromuscular blocking agents, such as cisatracurium, is often considered in ARDS management to improve ventilator synchrony, reduce oxygen consumption, and potentially mitigate ventilator-induced lung injury. However, the specific impact of these agents on mortality, especially when used early and in combination with light sedation protocols, is not explicitly detailed in the provided data. It's worth noting that the approach to sedation has shifted towards lighter sedation protocols in critical care, aiming to reduce sedation-related complications and potentially improve outcomes by facilitating earlier mobilization and reducing the duration of mechanical ventilation [Data: Reports (2)].

Given the complexity of ARDS management and the multifactorial nature of interventions aimed at improving patient outcomes, the direct impact of continuous neuromuscular blockade with cisatracurium on mortality rates within the context of light sedation protocols requires further investigation. Clinical guidelines and treatment strategies continue to evolve based on emerging evidence from randomized controlled trials and meta-analyses. Therefore, while the early use of neuromuscular blocking agents is a component of ARDS management, its efficacy and impact on mortality as part of a comprehensive treatment strategy, including light sedation protocols, should be interpreted within the broader context of individual patient needs and evolving clinical evidence [Data: Entities (18, 1); Reports (0, 2)].",0.2,0.00676797,0.05349794239,0.5
Q2,Global ,2,"### Overview

The use of continuous neuromuscular blockade with cisatracurium in patients with moderate to severe Acute Respiratory Distress Syndrome (ARDS) has been a subject of significant clinical interest. Recent studies have focused on evaluating whether early administration of cisatracurium, in conjunction with current light sedation protocols, can improve mortality rates among this patient population.

### Key Findings

- **Improvement in Survival Rates**: Patients in the cisatracurium group showed a notable improvement in survival rates and ventilator-free days compared to those in the placebo group. This indicates a 32% reduction in the risk of death at 90 days, highlighting the potential benefits of cisatracurium in managing moderate to severe ARDS [Data: Reports (3)].

- **Impact on Mortality**: The early use of continuous neuromuscular blockade with cisatracurium appears to improve mortality in patients with moderate to severe ARDS. This conclusion is based on evidence of improved survival rates and an increase in ventilator-free days, suggesting a significant positive impact on patient outcomes [Data: Reports (3, 7, 9)].

- **Evaluation of Cisatracurium's Use**: Cisatracurium's role in ARDS treatment has been evaluated for its impact on improving the adjusted 90-day survival rate among severe ARDS patients. Additionally, it has been associated with an increase in the number of ventilator-free days and a decrease in the incidence of barotrauma, further supporting its use in this context [Data: Reports (7)].

- **Adjustment of Sedative Requirements**: The study involving cisatracurium besylate in ARDS patients highlights its critical role in adjusting sedative requirements. This adjustment is crucial for improving patient outcomes in severe respiratory conditions, indicating that cisatracurium can be effectively integrated into treatment protocols without increasing sedation levels unnecessarily [Data: Reports (9)].

- **Concerns Regarding ICU-Acquired Paresis**: A common concern with the use of neuromuscular blocking agents is the potential increase in the risk of muscle weakness, known as ICU-acquired paresis. However, no significant difference in ICU-acquired paresis was observed between the cisatracurium group and the placebo group. This suggests that cisatracurium does not increase the risk of muscle weakness, addressing one of the major safety concerns associated with its use [Data: Reports (3)].

### Conclusion

The evidence strongly supports the early use of continuous neuromuscular blockade with cisatracurium in patients with moderate to severe ARDS, particularly when used alongside current light sedation protocols. The benefits include a significant reduction in mortality, an increase in ventilator-free days, and no significant increase in the risk of ICU-acquired paresis. These findings suggest that cisatracurium is a valuable addition to the treatment regimen for ARDS, potentially improving outcomes for a challenging patient population.",0.1,0.01470282665,0.06564551,0.1
Q2,Local ,2,"The question of whether the early use of continuous neuromuscular blockade with cisatracurium improves mortality in patients with moderate to severe Acute Respiratory Distress Syndrome (ARDS) when used alongside current light sedation protocols is a significant one, given the critical nature of ARDS and its management in intensive care units (ICUs). The data from clinical trials and studies provide valuable insights into this area.

### Clinical Trial Insights

A multicenter, double-blind trial specifically addressed the impact of cisatracurium, a neuromuscular blocking agent, on patients with early, severe ARDS [Data: Reports (3)]. In this study, 340 patients presenting to the ICU with severe ARDS within the previous 48 hours were randomly assigned to receive, for 48 hours, either cisatracurium besylate or a placebo. The primary outcome was the proportion of patients who died either before hospital discharge or within 90 days after study enrollment, adjusted for predefined covariates and baseline differences between groups with the use of a Cox model.

### Key Findings

- **Mortality Rates**: The hazard ratio for death at 90 days in the cisatracurium group, as compared with the placebo group, was 0.68, indicating a 32% reduction in the risk of death for the cisatracurium group [Data: Reports (3)]. This suggests a significant improvement in the adjusted 90-day survival rate for patients receiving cisatracurium.
  
- **Ventilator-Free Days**: Patients in the cisatracurium group experienced more ventilator-free days, highlighting the treatment's effectiveness in improving respiratory function and overall patient recovery [Data: Reports (3)].

- **ICU-Acquired Paresis**: The study also evaluated ICU-acquired paresis and found no significant difference between the two groups, suggesting that the use of cisatracurium does not increase the risk of muscle weakness, a common concern with neuromuscular blocking agents [Data: Reports (3)].

### Considerations with Light Sedation Protocols

While the study provides compelling evidence on the benefits of cisatracurium in severe ARDS, it's important to consider the context of light sedation protocols. Current guidelines and practices in critical care have shifted towards lighter levels of sedation for mechanically ventilated patients, aiming to reduce sedation-related complications and improve outcomes. The trial's findings are particularly relevant as they suggest that the benefits of cisatracurium can be achieved without increasing the risk of muscle weakness, which could be a concern with deeper levels of sedation and prolonged neuromuscular blockade.

### Conclusion

The early use of continuous neuromuscular blockade with cisatracurium in patients with moderate to severe ARDS, when used in conjunction with current light sedation protocols, appears to improve mortality rates without increasing the risk of ICU-acquired paresis. These findings underscore the potential benefits of incorporating cisatracurium into the treatment regimen for ARDS in appropriately selected patients [Data: Reports (3)]. However, it's crucial to tailor treatment strategies to individual patient needs and the evolving clinical context, considering the balance between benefits and potential risks.",0.15,0.00641401,0.06,0.1
Q2,Global,3,"### Overview of Cisatracurium in ARDS Treatment

Recent studies have shed light on the potential benefits of using cisatracurium, a neuromuscular blocking agent, in the treatment of patients with moderate to severe Acute Respiratory Distress Syndrome (ARDS). The primary focus has been on whether the early use of continuous neuromuscular blockade with cisatracurium, when combined with current light sedation protocols, can lead to improved mortality rates.

### Key Findings on Mortality and Patient Outcomes

A pivotal study has demonstrated a notable improvement in survival rates and ventilator-free days for patients in the cisatracurium group compared to those receiving a placebo. Specifically, there was a 32% reduction in the risk of death at 90 days for patients treated with cisatracurium. This significant finding suggests that the early administration of cisatracurium, alongside light sedation protocols, may indeed enhance mortality outcomes in patients suffering from moderate to severe ARDS [Data: Reports (3)].

### Safety and Risk of Muscle Weakness

Concerns regarding the safety of neuromuscular blocking agents, particularly the risk of ICU-acquired paresis, have been addressed. The study found no significant difference in the incidence of muscle weakness between the cisatracurium and placebo groups either on day 28 or at ICU discharge. This outcome supports the safety of cisatracurium use in ARDS patients, indicating that it does not increase the risk of muscle weakness [Data: Reports (3)].

### Clinical Management and Protocol Adherence

Cisatracurium Besylate's role in clinical management extends beyond its sedative properties, serving also as a crucial neuromuscular blocking agent. Its administration, tailored to the Ramsay sedation scale, underscores its compatibility with light sedation protocols, highlighting its critical role in improving patient outcomes in severe respiratory conditions [Data: Reports (9)]. Furthermore, the clinical trial's adherence to CONSORT guidelines, as approved by Marseille University Hospital, ensures the reliability and transparency of the study, reinforcing the scientific standards followed in evaluating cisatracurium's efficacy and safety in ARDS treatment [Data: Reports (10)].

### Additional Benefits and Considerations

Beyond mortality improvement, cisatracurium's benefits in ARDS treatment include increased ventilator-free days and a decreased incidence of barotrauma, further underscoring its significant role in enhancing patient outcomes. However, its association with the risk of bradycardia necessitates careful monitoring, indicating a need for balanced use in clinical practice [Data: Reports (7)].

### Conclusion

In conclusion, the early use of continuous neuromuscular blockade with cisatracurium, when used in conjunction with current light sedation protocols, appears to improve mortality in patients with moderate to severe ARDS. The findings support the safety of cisatracurium, showing no increased risk of muscle weakness, and highlight the importance of adherence to established sedation protocols and monitoring guidelines to maximize patient outcomes.",0.1,0.00695694,0.05982906,0.1
Q2,Local,3,"The question of whether the early use of continuous neuromuscular blockade with cisatracurium improves mortality in patients with moderate to severe Acute Respiratory Distress Syndrome (ARDS) when used alongside current light sedation protocols is a critical one in the management of ARDS. The data from a multicenter, double-blind trial provides valuable insights into this question.

### Study Overview

The trial in question focused on patients presenting to the intensive care unit (ICU) with early, severe ARDS. Patients were randomly assigned to receive, for 48 hours, either cisatracurium besylate or a placebo. The primary outcome was the proportion of patients who died either before hospital discharge or within 90 days after study enrollment, adjusted for predefined covariates and baseline differences between groups [Data: Reports (0)].

### Mortality Outcomes

The findings from the trial indicated that the hazard ratio for death at 90 days in the cisatracurium group, as compared with the placebo group, was 0.68, suggesting a 32% reduction in the risk of death after adjustment for both the baseline PaO2:FIO2 and plateau pressure and the Simplified Acute Physiology II score. The crude 90-day mortality was 31.6% in the cisatracurium group and 40.7% in the placebo group. Mortality at 28 days was also lower in the cisatracurium group compared to the placebo group [Data: Reports (0)].

### ICU-Acquired Weakness

A significant concern with the use of neuromuscular blocking agents (NMBAs) is the potential for ICU-acquired weakness. However, the study found no significant difference in the rate of ICU-acquired paresis between the two groups, suggesting that the short duration of cisatracurium use did not increase muscle weakness [Data: Reports (0)].

### Sedation Protocols

While the study provides compelling evidence on the benefits of cisatracurium in severe ARDS, it does not directly address the interaction with current light sedation protocols. Light sedation protocols aim to minimize sedative use to avoid delirium and other complications, potentially conflicting with the deep sedation often required for neuromuscular blockade. The trial's findings are based on a protocol that might differ from current light sedation practices, and further research would be necessary to fully understand the implications of combining cisatracurium with these protocols.

### Conclusion

In conclusion, the early use of continuous neuromuscular blockade with cisatracurium in patients with moderate to severe ARDS appears to improve mortality without increasing the risk of ICU-acquired weakness. However, the study's context and protocols may not fully align with current light sedation practices, highlighting the need for additional research to explore this interaction further. The evidence supports the effectiveness of cisatracurium in improving outcomes in severe ARDS, but healthcare providers must consider the overall sedation strategy and patient-specific factors when implementing such treatments [Data: Reports (0)].",0.1,0,0.06639004,0.2
Q2,Global,4,"### Overview

The use of continuous neuromuscular blockade with cisatracurium in patients with moderate to severe Acute Respiratory Distress Syndrome (ARDS) has been a subject of significant clinical interest, particularly in the context of current light sedation protocols. The data analyzed provides a comprehensive insight into the impact of cisatracurium on mortality rates, ventilator-free days, and the incidence of barotrauma and ICU-acquired paresis among this patient population.

### Impact on Mortality and Ventilator-Free Days

The administration of cisatracurium in the early stages of ARDS treatment has shown a notable improvement in patient outcomes. Specifically, patients in the cisatracurium group exhibited a 32% reduction in the risk of death at 90 days compared to those in the placebo group. This significant finding underscores the potential of cisatracurium to enhance survival rates among patients with moderate to severe ARDS [Data: Reports (3)]. Furthermore, the use of cisatracurium was associated with an increase in ventilator-free days, suggesting an expedited recovery process for the respiratory system [Data: Reports (7)].

### Role in ARDS Management

Cisatracurium serves a dual purpose in ARDS management, acting both as a sedative and a neuromuscular blocking agent. This dual functionality is crucial for adjusting sedative requirements in severe respiratory conditions, thereby improving patient outcomes. The integration of cisatracurium into treatment protocols highlights its critical role in the management of severe ARDS cases [Data: Reports (9)].

### Safety and Incidence of Complications

Concerns regarding the potential adverse effects of neuromuscular blocking agents, such as the risk of muscle weakness, have been addressed in the analyzed data. No significant difference in ICU-acquired paresis was observed between the cisatracurium and placebo groups. This finding suggests that the early use of cisatracurium does not increase the risk of muscle weakness, alleviating a common concern associated with neuromuscular blocking agents [Data: Reports (3)].

### Synergistic Treatment Approaches

The combined use of neuromuscular blocking agents like cisatracurium with low-tidal-volume ventilation represents a synergistic approach in the treatment of ARDS. This strategy suggests that an integrated treatment protocol may further improve outcomes in severe ARDS cases, offering a promising direction for future clinical practices [Data: Reports (5)].

### Conclusion

In conclusion, the early use of continuous neuromuscular blockade with cisatracurium, when used in conjunction with current light sedation protocols, appears to significantly improve mortality rates and increase ventilator-free days in patients with moderate to severe ARDS. The data supports the safety and efficacy of cisatracurium, highlighting its role in enhancing patient outcomes without increasing the risk of muscle weakness. The findings advocate for the integration of cisatracurium into ARDS management protocols, emphasizing the potential benefits of a synergistic treatment approach.",0.05,0.01682984394,0.06437768,0.1
Q2,Local,4,"The question of whether the early use of continuous neuromuscular blockade with cisatracurium improves mortality in patients with moderate to severe Acute Respiratory Distress Syndrome (ARDS) when used alongside current light sedation protocols is a critical one in the management of ARDS. The data from a multicenter, double-blind trial provides valuable insights into this area of critical care medicine.

### Study Overview

The trial in question focused on patients presenting to the intensive care unit (ICU) with early, severe ARDS. These patients were randomly assigned to receive, for 48 hours, either cisatracurium besylate or a placebo. The primary outcome measured was the proportion of patients who died either before hospital discharge or within 90 days after study enrollment, adjusted for predefined covariates and baseline differences between groups [Data: Reports (0)].

### Key Findings

1. **Mortality Rates**: The study found that the hazard ratio for death at 90 days in the cisatracurium group, as compared with the placebo group, was 0.68, indicating a 32% reduction in the risk of death for the cisatracurium group. This suggests a significant improvement in the adjusted 90-day survival rate for patients receiving cisatracurium [Data: Reports (0)].

2. **Ventilator-Free Days**: Patients in the cisatracurium group also experienced more ventilator-free days, suggesting an improvement in respiratory function and a faster recovery process [Data: Reports (3)].

3. **ICU-Acquired Paresis**: Importantly, the rate of ICU-acquired paresis did not differ significantly between the two groups. This finding addresses concerns about potential adverse effects of neuromuscular blocking agents, such as muscle weakness [Data: Reports (0)].

4. **Sedation Needs**: The required dose of sedatives or analgesics was similar in the two groups during the first week of the study, indicating that the use of cisatracurium did not significantly alter the sedation needs of patients [Data: Sources (4)].

### Clinical Implications

The findings from this trial suggest that the early administration of a neuromuscular blocking agent like cisatracurium in patients with severe ARDS can improve survival rates without increasing the risk of muscle weakness. This is particularly relevant in the context of light sedation protocols, as the study indicates that the sedation needs do not significantly increase with the use of cisatracurium. 

However, it's important to note that these results are specific to cisatracurium besylate and may not apply to other neuromuscular blocking agents. The study also highlights the need for further research to replicate and expand these findings before they can be widely adopted in clinical practice [Data: Reports (0)].

### Conclusion

In conclusion, the early use of continuous neuromuscular blockade with cisatracurium, when used alongside current light sedation protocols, appears to improve mortality in patients with moderate to severe ARDS. This approach offers a promising avenue for enhancing patient outcomes in this critically ill population, with the study providing a strong foundation for the integration of neuromuscular blocking agents into the treatment protocols for severe ARDS.",0.1,0.00615855,0.06286837,0.1
Q2,Global,5,"### Overview of Cisatracurium in ARDS Treatment

The use of continuous neuromuscular blockade with cisatracurium in patients with moderate to severe Acute Respiratory Distress Syndrome (ARDS) has been a subject of clinical evaluation, particularly in the context of its effectiveness in improving mortality rates when used alongside current light sedation protocols. The findings from these evaluations provide a comprehensive insight into the role of cisatracurium in the management of ARDS, its compatibility with sedation protocols, and its impact on patient outcomes.

### Effectiveness in Improving Mortality Rates

A pivotal study has shown that the early use of cisatracurium in patients with moderate to severe ARDS, when administered with light sedation protocols, results in a lower risk of death and an increase in ventilator-free days. This indicates a significant benefit from the treatment, suggesting that cisatracurium plays a crucial role in improving patient outcomes in ARDS [Data: Reports (5)].

### Compatibility with Light Sedation Protocols

Cisatracurium Besylate serves both as a sedative and a neuromuscular blocking agent in the clinical management of ARDS. Its administration, tailored to the Ramsay sedation scale, underscores its compatibility with light sedation protocols. This compatibility is essential for ensuring that patients receive the most appropriate level of sedation, minimizing potential sedation-related complications while maximizing the therapeutic benefits of neuromuscular blockade [Data: Reports (16)].

### Impact on ICU-Acquired Paresis and Patient Monitoring

The concern for ICU-acquired paresis was addressed in the study, which found no significant difference between the cisatracurium and placebo groups in terms of ICU-acquired paresis on day 28 or at ICU discharge. This outcome suggests that while cisatracurium improves mortality and ventilator-free days, it does not increase the risk of ICU-acquired paresis, alleviating concerns regarding potential long-term neuromuscular complications [Data: Reports (5)].

Moreover, the treatment's impact on ARDS and associated risks, such as the potential for bradycardia, underscores the necessity for careful monitoring and management of patients receiving cisatracurium. Despite these risks, the benefits, including improved adjusted 90-day survival rate and increased ventilator-free days, highlight the positive impact of cisatracurium on patient outcomes [Data: Reports (15)].

### Ethical and Legal Standards in Clinical Trials

The clinical trial involving Cisatracurium Besylate, approved by Marseille University Hospital, emphasizes the importance of adhering to ethical and legal standards in research. This adherence ensures the safe and effective use of neuromuscular blocking agents like cisatracurium in the treatment of ARDS, contributing to evidence-based medical practice and patient safety [Data: Reports (18)].

### Conclusion

In conclusion, the early use of continuous neuromuscular blockade with cisatracurium in patients with moderate to severe ARDS, when used with current light sedation protocols, significantly improves mortality rates and increases ventilator-free days without raising the risk of ICU-acquired paresis. These findings underscore the importance of cisatracurium in the clinical management of ARDS, highlighting its compatibility with light sedation protocols and the necessity for careful patient monitoring and adherence to ethical standards in clinical research.",0.1,0.0081905,0.05405405,0.1
Q2,Local,5,"The question of whether the early use of continuous neuromuscular blockade with cisatracurium improves mortality in patients with moderate to severe Acute Respiratory Distress Syndrome (ARDS) when used alongside current light sedation protocols is a critical one, given the high mortality rates associated with ARDS. The data from a multicenter, double-blind trial provides valuable insights into this issue.

### Study Overview

In the referenced study, 340 patients with early, severe ARDS were randomly assigned to receive either cisatracurium besylate or a placebo for 48 hours. Severe ARDS was defined by a PaO2:FiO2 ratio of less than 150, with a positive end-expiratory pressure of 5 cm of water or more and a tidal volume of 6 to 8 ml per kilogram of predicted body weight. The primary outcome was the proportion of patients who died either before hospital discharge or within 90 days after study enrollment, adjusted for predefined covariates and baseline differences between groups [Data: Reports (0)].

### Mortality Outcomes

The study found that the hazard ratio for death at 90 days in the cisatracurium group, as compared with the placebo group, was 0.68, indicating a statistically significant reduction in mortality after adjustment for baseline PaO2:FiO2, plateau pressure, and the Simplified Acute Physiology II score. The crude 90-day mortality was 31.6% in the cisatracurium group and 40.7% in the placebo group, suggesting a beneficial effect of cisatracurium on survival [Data: Sources (0, 3)].

### Muscle Weakness and Sedation

A major concern with the use of neuromuscular blocking agents is the potential for muscle weakness. However, the study reported that the rate of ICU-acquired paresis did not differ significantly between the two groups, indicating that the early use of cisatracurium did not increase muscle weakness. This finding is particularly relevant in the context of light sedation protocols, as minimizing sedation has been associated with better outcomes in ARDS patients [Data: Sources (0, 3)].

### Ventilator-Free Days

Another important outcome is the number of ventilator-free days, which was significantly higher in the cisatracurium group during the first 28 and 90 days. This suggests that early administration of cisatracurium not only improves survival but may also facilitate earlier weaning from mechanical ventilation [Data: Sources (3)].

### Conclusion

The evidence from this study supports the conclusion that the early use of continuous neuromuscular blockade with cisatracurium, when used in conjunction with current light sedation protocols, can improve mortality in patients with moderate to severe ARDS. This approach does not increase the risk of muscle weakness and may enhance the ability to wean patients from mechanical ventilation earlier. These findings underscore the importance of integrating neuromuscular blocking agents into the management strategy for severe ARDS, particularly in settings where light sedation protocols are employed to optimize patient outcomes.",0.1,0.00755316,0.06134969,0.1